code,database,name,type,unit,cat_1,Exiobase name,Exiobase unit,Exiobase compartment
5b7d620e-2238-5ec9-888a-6999218b6974,biosphere3,"1,3-Dioxolan-2-one",emission,kilogram,water,,,
09db39be-d9a6-4fc3-8d25-1f80b23e9131,biosphere3,"1,4-Butanediol",emission,kilogram,air,,,
d835b7aa-288b-4b3a-966b-3f64f36ed220,biosphere3,"1,4-Butanediol",emission,kilogram,water,,,
070dc6b3-0976-45a0-803e-0a87d7e96959,biosphere3,1-Pentanol,emission,kilogram,water,,,
048baf1e-6cdc-44a5-92e2-32d15ff54885,biosphere3,1-Pentanol,emission,kilogram,air,,,
651cbfbb-3027-4e20-a5b0-4a67e86e837a,biosphere3,1-Pentene,emission,kilogram,air,,,
109c3ee9-b9df-4c11-bd77-b8571773d9ad,biosphere3,1-Pentene,emission,kilogram,water,,,
5e98fd60-8da0-4006-9729-4d2797f96302,biosphere3,"2,2,4-Trimethyl pentane",emission,kilogram,air,,,
e3d35475-3f5c-5099-9506-8cc81a188fb1,biosphere3,"2,4-di-tert-butylphenol",emission,kilogram,water,,,
3e07d825-a98e-4cdc-afa3-610fa7739261,biosphere3,2-Aminopropanol,emission,kilogram,air,,,
ea6f1100-7fe4-4f66-92cc-a69fe2dcca77,biosphere3,2-Aminopropanol,emission,kilogram,water,,,
2b8204fa-c9bf-5465-9aa2-d79024a19b1a,biosphere3,2-chlorobenzaldehyde,emission,kilogram,water,,,
059e6a26-7035-4621-a360-c71c5778eec8,biosphere3,2-Methyl pentane,emission,kilogram,air,,,
446e7a93-6ac4-4bdf-b97d-03f683c7488c,biosphere3,2-Methyl-1-propanol,emission,kilogram,water,,,
47bee45d-6d2b-48a6-a0c8-fcb8debc7f5d,biosphere3,2-Methyl-1-propanol,emission,kilogram,air,,,
23868338-42bc-4baf-a9e2-8e84ff8c92f1,biosphere3,2-Methyl-2-butene,emission,kilogram,water,,,
4e44630f-4197-4f05-809f-0fef07fba7d3,biosphere3,2-Methyl-2-butene,emission,kilogram,air,,,
98d3f159-b420-4e43-aab5-4fd093b82429,biosphere3,2-Nitrobenzoic acid,emission,kilogram,air,,,
e92a1310-603c-4346-85b8-e4e3192cd75c,biosphere3,2-Propanol,emission,kilogram,water,,,
479edec6-763c-49fc-83f8-49780f08cf29,biosphere3,2-Propanol,emission,kilogram,air,,,
1eefb686-03de-4dc8-933a-e3b7459438da,biosphere3,3-Methyl-1-butanol,emission,kilogram,air,,,
8114f79d-41eb-42f2-99d8-159db57d3bcb,biosphere3,3-Methyl-1-butanol,emission,kilogram,water,,,
56e7c4ee-29a0-4d90-a44d-ee7e7faade83,biosphere3,4-Methyl-2-pentanol,emission,kilogram,water,,,
f9d36529-abde-4ed2-a82c-d365ae2c713f,biosphere3,4-Methyl-2-pentanone,emission,kilogram,water,,,
53214ef0-3cc1-4166-920b-08ca46f7c457,biosphere3,4-Methyl-2-pentanone,emission,kilogram,air,,,
8732d8b5-7f41-498c-be37-5bcd7a802ee6,biosphere3,Acenaphthene,emission,kilogram,water,,,
1f4afa32-a9a2-40da-8396-104452cb637f,biosphere3,Acenaphthene,emission,kilogram,air,,,
7c02a013-712f-4588-bfd8-247078e0f4d8,biosphere3,Acenaphthylene,emission,kilogram,water,,,
e0346157-1f0e-4bf9-b234-78fead761e18,biosphere3,Acenaphthylene,emission,kilogram,air,,,
e3e8f6a2-c45e-4685-9859-698b2eadaf5b,biosphere3,Acetaldehyde,emission,kilogram,air,,,
4b51a9d0-4100-49c1-8d47-ec47eb51c58a,biosphere3,Acetaldehyde,emission,kilogram,water,,,
3cea246d-706f-4280-ac52-3c7590e8fa7f,biosphere3,Acetic acid,emission,kilogram,water,,,
d157416d-db9b-4f88-a7f3-a9a5f1ea88f2,biosphere3,Acetic acid,emission,kilogram,air,,,
d4f209e8-335f-4a2f-9384-77a23fbc7dee,biosphere3,"Acetic acid, trifluoro-",emission,kilogram,air,,,
d78a3d22-4bed-4ad3-8a9c-1cc4645188d0,biosphere3,Acetone,emission,kilogram,water,,,
f3d5fd96-8805-4d3d-867a-5df27975b07f,biosphere3,Acetone,emission,kilogram,air,,,
ff45a199-18e0-4777-886b-e2d0422d2f82,biosphere3,Acetonitrile,emission,kilogram,air,,,
cbaca555-e09c-4dc6-bdc3-60e6f8a784f9,biosphere3,Acetonitrile,emission,kilogram,water,,,
65bafee0-9f42-4788-af33-4df48d0e7f65,biosphere3,Acetyl chloride,emission,kilogram,water,,,
b37294bd-947d-4f35-b9e6-3eb259c05ff5,biosphere3,"Acidity, unspecified",emission,kilogram,water,,,
d896ced7-a107-4017-b284-d95a8ef3e735,biosphere3,Acrolein,emission,kilogram,air,,,
37f69770-85d0-4af3-a612-41e9d314f5bb,biosphere3,"Acrylate, ion",emission,kilogram,water,,,
faca26d7-b953-4dd6-94a9-7b8975452e1c,biosphere3,Acrylic acid,emission,kilogram,air,,,
981ea86a-b527-4e29-b092-f16d2cd57e45,biosphere3,Acrylonitrile,emission,kilogram,air,,,
2c5362e9-ff22-46b4-9dad-3c765df0ac3f,biosphere3,Acrylonitrile,emission,kilogram,water,,,
d3805249-4c8b-48fb-8843-a7765b8d1322,biosphere3,"Actinides, radioactive, unspecified",emission,kilo Becquerel,air,,,
928873e6-c391-447e-b503-fbeae3211df1,biosphere3,"Actinides, radioactive, unspecified",emission,kilo Becquerel,water,,,
cec0687d-7d44-4e80-ae2f-428c2664d66d,biosphere3,"Aerosols, radioactive, unspecified",emission,kilo Becquerel,air,,,
06f0a67c-ec68-435d-8c32-0decd79a4a1a,biosphere3,"Aldehydes, unspecified",emission,kilogram,air,,,
921ddc9c-6898-4ad0-a00d-7c9add941c85,biosphere3,Allyl chloride,emission,kilogram,water,,,
7880e65c-0321-4295-ba55-3186ad36e489,biosphere3,Aluminium,emission,kilogram,water,,,
ff65658c-2d39-44a2-b23e-7ec3c644f064,biosphere3,Aluminium,emission,kilogram,air,,,
e0401210-0377-4670-84af-12247ca20bed,biosphere3,Aluminium,emission,kilogram,soil,,,
7b192eb2-644e-544a-9299-4a79cb4dd479,biosphere3,Aluminium hydroxide,emission,kilogram,water,,,
a0e98cdc-79cd-4073-9713-c1a48238883a,biosphere3,Americium-241,emission,kilo Becquerel,air,,,
bd601c88-f05e-436a-b4ab-5b3d4fb29882,biosphere3,Americium-241,emission,kilo Becquerel,water,,,
b157329c-4179-5491-97c4-649900954ffa,biosphere3,Amine oxide,emission,kilogram,air,,,
87883a4e-1e3e-4c9d-90c0-f1bea36f8014,biosphere3,Ammonia,emission,kilogram,air,NH3,tonnes,air
c36f35d1-e815-4c85-8686-1a2d21264a2c,biosphere3,Ammonium carbonate,emission,kilogram,air,,,
fb005c47-7b90-41f3-a5ca-f0eb11db354a,biosphere3,"Ammonium, ion",emission,kilogram,water,,,
ffcd4d88-aeb9-491c-ae8c-98838ed38b4d,biosphere3,Aniline,emission,kilogram,air,,,
09f735ea-0a87-4e19-a660-d044db3a7118,biosphere3,Aniline,emission,kilogram,water,,,
fc840c3f-dbcd-4175-9bc2-7fba64501e39,biosphere3,Anthracene,emission,kilogram,air,,,
d30c7d00-977b-44f7-bab1-eb11c2a5c589,biosphere3,Anthracene,emission,kilogram,water,,,
9495989d-ca0f-4c30-a301-9aa8ae006676,biosphere3,Anthranilic acid,emission,kilogram,air,,,
c49fb4cd-eed0-4438-9052-9612473cdbae,biosphere3,Antimony,emission,kilogram,soil,,,
b2dc8668-86de-4207-b20e-dc81dea63c98,biosphere3,Antimony,emission,kilogram,water,,,
77927dac-dea3-429d-a434-d5a71d92c4f7,biosphere3,Antimony,emission,kilogram,air,,,
84e56689-d3d4-4f9b-831d-e4e83046ce2c,biosphere3,Antimony-122,emission,kilo Becquerel,water,,,
8cd82962-d90f-409a-b3c1-961d5365d338,biosphere3,Antimony-124,emission,kilo Becquerel,air,,,
64f81516-52e1-4ce6-a22c-84d3f7cc9a53,biosphere3,Antimony-124,emission,kilo Becquerel,water,,,
fa194dc5-ad5d-4c1e-a8f4-9fedba38fe8d,biosphere3,Antimony-125,emission,kilo Becquerel,water,,,
9314fbdb-a2c7-466b-bb6c-61c89f09df51,biosphere3,Antimony-125,emission,kilo Becquerel,air,,,
a4f6341b-1762-4222-9024-bfd91f63588f,biosphere3,"AOX, Adsorbable Organic Halogen as Cl",emission,kilogram,water,,,
38321e66-f6ab-4908-b26f-c17267559bc5,biosphere3,Argon-40,emission,kilogram,air,,,
e7edd471-6c72-42b0-8c2b-8dc9f1959c63,biosphere3,Argon-41,emission,kilo Becquerel,air,,,
fc84887d-158e-4067-80dc-9743165bd70d,biosphere3,Arsenic,emission,kilogram,soil,,,
dc6dbdaa-9f13-43a8-8af5-6603688c6ad0,biosphere3,Arsenic,emission,kilogram,air,As,tonnes,air
e1bd008f-c3c2-47f1-ab60-35e1a842acc0,biosphere3,"Arsenic, ion",emission,kilogram,water,,,
aeae7594-af69-46d2-9965-8c235b5c3fe3,biosphere3,Arsine,emission,kilogram,air,,,
17a7db69-d874-4ecd-af5d-48c98def445f,biosphere3,Barite,emission,kilogram,water,,,
99cd88f6-16b7-4b28-895c-2f42101f634b,biosphere3,Barium,emission,kilogram,soil,,,
0e1c17ae-8144-4714-a7cd-786a5480f423,biosphere3,Barium,emission,kilogram,water,,,
7e246e3a-5cff-43fc-a8e6-02d191424559,biosphere3,Barium,emission,kilogram,air,,,
2bf2965d-d5ce-5e65-ad9d-b0b636c70b20,biosphere3,Barium sulfide,emission,kilogram,water,,,
36c37c87-0dbf-4e30-83e9-288825e113b2,biosphere3,Barium-140,emission,kilo Becquerel,water,,,
634463b6-08b4-487a-b0af-4e19fbe8bca2,biosphere3,Barium-140,emission,kilo Becquerel,air,,,
4db9bb53-4bdd-4f32-a6a8-521f58c5825c,biosphere3,Benz(a)anthracene,emission,kilogram,air,,,
cb29369f-6e3a-42b2-868c-1da562585995,biosphere3,Benzal chloride,emission,kilogram,water,,,
a65f4744-f555-44cb-8534-aa5adc72d7a7,biosphere3,Benzal chloride,emission,kilogram,air,,,
9c8a834a-23d4-54e6-9ecf-2855d468f208,biosphere3,Benzaldehyde,emission,kilogram,water,,,
10d26189-a688-4859-8aa9-525e058a07f0,biosphere3,Benzaldehyde,emission,kilogram,air,,,
28999907-a8a7-45b3-857e-836495ca2aa0,biosphere3,Benzene,emission,kilogram,air,Benzene,tonnes,air
31ba993d-f8aa-44c0-bae1-b6c2081144f6,biosphere3,Benzene,emission,kilogram,water,,,
7f886a09-50b2-49c1-8fdf-d330c90556a1,biosphere3,"Benzene, chloro-",emission,kilogram,water,,,
b1c36287-329c-49f0-93c2-68246d34007c,biosphere3,"Benzene, dichloro",emission,kilogram,air,,,
88ef28f1-cfd5-44a0-ac34-01acf2db84a0,biosphere3,"Benzene, ethyl-",emission,kilogram,air,,,
3dd549fd-825c-4ceb-a5f9-2988d322dc5d,biosphere3,"Benzene, ethyl-",emission,kilogram,water,,,
04f42988-6207-4d09-a91f-155be8d27eb0,biosphere3,"Benzene, hexachloro-",emission,kilogram,air,Aldrin,tonnes,air
6a9ef0ac-2a82-492b-90f7-7f8d09995bbc,biosphere3,"Benzene, pentachloro-",emission,kilogram,air,,,
5e13c2ab-5466-4ff5-816d-702dfdf25f76,biosphere3,Benzo(a)pyrene,emission,kilogram,air,Benzo-[a]-pyrene,tonnes,air
d02904aa-dc1a-43f2-86ce-b41aa9cab47c,biosphere3,Benzo(a)pyrene,emission,kilogram,water,,,
e36fb756-d9a7-4b07-a6cb-a1d204b4c350,biosphere3,Benzo(b)fluoranthene,emission,kilogram,water,,,
35357464-0d86-4bbd-940f-7d0dd8e5df57,biosphere3,Benzo(b)fluoranthene,emission,kilogram,air,Benzo-[b]-fluoranthene,tonnes,air
0605e241-ce98-4c10-8c61-d0a1775cdcb0,biosphere3,Benzo(ghi)perylene,emission,kilogram,air,,,
cc5f1637-8aa5-442f-a8c6-43c8739944a0,biosphere3,Benzo(k)fluoranthene,emission,kilogram,air,,,
785e9314-ccf6-4229-98c5-37881d624fc9,biosphere3,Benzo(k)fluoranthene,emission,kilogram,water,,,
5934e254-ca2a-4cd8-92fa-3c9bbf1779ec,biosphere3,Benzyl alcohol,emission,kilogram,water,,,
dbf49708-ee0c-44f2-8662-5edd89ad472b,biosphere3,Beryllium,emission,kilogram,soil,,,
20557d93-2b1c-49b5-b6c0-3528a8bbc307,biosphere3,Beryllium,emission,kilogram,air,,,
8d0ca1a5-6a40-4eda-861a-a0fccdc81b19,biosphere3,Beryllium,emission,kilogram,water,,,
26e10723-d896-54ec-ab5b-5a4804d2f9ba,biosphere3,"Bicarbonate, ion",emission,kilogram,water,,,
0bb38d46-04e7-52f2-99de-5861a8220a49,biosphere3,Bisphenol A,emission,kilogram,water,,,
91955aba-6ebc-4413-9342-f0298860b4aa,biosphere3,"BOD5, Biological Oxygen Demand",emission,kilogram,water,BOD,tonnes,water
d493b514-f36d-482f-a978-63b5a1889bc2,biosphere3,Borate,emission,kilogram,water,,,
f19d8e53-09ab-45fa-a7c1-f7da101dab3e,biosphere3,Boric acid,emission,kilogram,air,,,
b8fc2875-a1ce-4a7c-a73d-6ba5b26319d3,biosphere3,Boron,emission,kilogram,air,,,
e3b7b5aa-514e-430e-9544-07d8f5b8d494,biosphere3,Boron,emission,kilogram,soil,,,
4a15cd40-96e6-4912-8298-c0fa8f9e2aee,biosphere3,Boron,emission,kilogram,water,,,
4c0d236e-e50f-409e-b84b-b053da3394fa,biosphere3,Boron carbide,emission,kilogram,air,,,
60b42f10-f538-4d77-ad4a-e83282f929e8,biosphere3,Boron carbide,emission,kilogram,water,,,
8e7d8523-2761-4eb1-a55a-958be4b0d23b,biosphere3,Boron trifluoride,emission,kilogram,air,,,
506fe866-1081-4152-a19d-b50825f99d83,biosphere3,Bromate,emission,kilogram,water,,,
72b26150-457e-47b6-a77c-987c2e76f704,biosphere3,Bromide,emission,kilogram,water,,,
c24f5894-f95e-4661-ba76-130397348894,biosphere3,Bromine,emission,kilogram,air,,,
45afb543-bc53-471e-8fc9-6ed3a5775071,biosphere3,Bromine,emission,kilogram,soil,,,
b935e766-fece-4a4f-8f60-b735ea7b214d,biosphere3,Bromine,emission,kilogram,water,,,
f2e4394f-61bb-5493-983d-d3d5b7b96a41,biosphere3,Bromopropane,emission,kilogram,air,,,
f918799d-98d3-5d5d-b02f-480b340d038c,biosphere3,Bromopropane,emission,kilogram,water,,,
5064da53-d4ec-44ee-ba23-b20a4f8c4964,biosphere3,Butadiene,emission,kilogram,air,"1,3 Butadiene",tonnes,air
982b0510-96ac-4bcb-a758-e98006b95f4d,biosphere3,Butane,emission,kilogram,air,,,
b9a9b2ad-5db3-47aa-81de-3a48ae9ad4ec,biosphere3,Butanol,emission,kilogram,air,,,
b50d8d03-7e88-4b29-9d10-67bbe01bdbc6,biosphere3,Butanol,emission,kilogram,water,,,
91f6386a-af2e-4bbb-a05c-62e4483b1bcf,biosphere3,Butene,emission,kilogram,air,,,
700969dc-4def-4093-98a0-adbb65771fcd,biosphere3,Butene,emission,kilogram,water,,,
7198aaf8-0acc-428d-8da0-558911e24f95,biosphere3,Butyl acetate,emission,kilogram,water,,,
da3d541f-0063-4ddf-9b0d-7ba7b8cb6ec7,biosphere3,Butyl acetate,emission,kilogram,air,,,
9c2e78e0-38d7-4eb7-a40f-31c7308b1dd6,biosphere3,Butyrolactone,emission,kilogram,water,,,
17ae628d-e769-4aa3-a20e-9f9bad222bf2,biosphere3,Butyrolactone,emission,kilogram,air,,,
12d6029e-3801-42ee-a1bc-1ebf936884fc,biosphere3,Cadmium,emission,kilogram,soil,Cd,tonnes,soil
1c5a7322-9261-4d59-a692-adde6c12de92,biosphere3,Cadmium,emission,kilogram,air,Cd,tonnes,air
2712fe5f-0d3c-4c8e-8bc4-26c604413849,biosphere3,"Cadmium, ion",emission,kilogram,water,,,
86ca2828-78b4-40f2-ad29-b80c4fd7a7d3,biosphere3,Cadmium-109,emission,kilo Becquerel,water,,,
b87016c6-ac91-4414-98ce-fb665e0a6d2e,biosphere3,Calcium,emission,kilogram,air,,,
e681e6ba-2d66-4f17-8812-e8c74bdcf7e8,biosphere3,Calcium,emission,kilogram,soil,,,
5c2957fe-5790-4bbe-a7f1-06be8e6fb89a,biosphere3,Calcium hydroxide,emission,kilogram,air,,,
08151735-9d1b-4b1c-a8b1-f341ade54f2f,biosphere3,"Calcium, ion",emission,kilogram,water,,,
14ea575b-5caa-4958-acf7-0bcc47f9cadf,biosphere3,Carbon,emission,kilogram,soil,,,
349b29d1-3e58-4c66-98b9-9d1a076efd2e,biosphere3,"Carbon dioxide, fossil",emission,kilogram,air,"Carbon dioxide, fossil",tonnes,air
e4e9febc-07c1-403d-8d3a-6707bb4d96e6,biosphere3,"Carbon dioxide, from soil or biomass stock",emission,kilogram,air,,,
eba59fd6-f37e-41dc-9ca3-c7ea22d602c7,biosphere3,"Carbon dioxide, non-fossil",emission,kilogram,air,"Carbon dioxide, biogenic",tonnes,air
6900ccc1-4b7a-422a-9fad-7c31eb1fc46f,biosphere3,"Carbon dioxide, non-fossil, from calcination",emission,kilogram,air,,,
375bc95e-6596-4aa1-9716-80ff51b9da77,biosphere3,"Carbon dioxide, to soil or biomass stock",emission,kilogram,soil,,,
38574d8f-e0f9-4a7c-8edc-70193e608c57,biosphere3,Carbon disulfide,emission,kilogram,water,,,
d94a5a1a-bc06-48fd-b6d9-7477ea65cacd,biosphere3,Carbon disulfide,emission,kilogram,air,,,
ba2f3f82-c93a-47a5-822a-37ec97495275,biosphere3,"Carbon monoxide, fossil",emission,kilogram,air,CO ,tonnes,air
69a6c884-39be-444f-a67c-7436a5e66de2,biosphere3,"Carbon monoxide, from soil or biomass stock",emission,kilogram,air,,,
2cb2333c-1599-46cf-8435-3dffce627524,biosphere3,"Carbon monoxide, non-fossil",emission,kilogram,air,,,
bfc66f26-0b11-4e6e-9e8c-2bfde24dc23c,biosphere3,Carbon-14,emission,kilo Becquerel,air,,,
c18f9e43-e4ad-4b3a-8ed8-638fe8015425,biosphere3,Carbon-14,emission,kilo Becquerel,water,,,
4ccf69ef-e377-4cac-b188-5c9c58cefa56,biosphere3,Carbonate,emission,kilogram,water,,,
476ff60f-c2a2-43d6-bbe7-b4c4eea6960a,biosphere3,Carbonyl sulfide,emission,kilogram,air,,,
017be306-b88a-4d3a-a906-b8734b72b6fb,biosphere3,"Carboxylic acids, unspecified",emission,kilogram,water,,,
c9e7bf95-483c-469c-8d21-9012f926b3b0,biosphere3,Cerium-141,emission,kilo Becquerel,air,,,
c1666cdb-dfd8-4060-9e2a-3ded00878a2d,biosphere3,Cerium-141,emission,kilo Becquerel,water,,,
8aed2c21-f23c-4b4b-877e-69c2aa519a47,biosphere3,Cerium-144,emission,kilo Becquerel,air,,,
36a50e5a-1e00-4935-aa35-2a331d9a4045,biosphere3,Cerium-144,emission,kilo Becquerel,water,,,
59570d74-fac9-446d-88a7-5c5b0a6139a7,biosphere3,Cesium,emission,kilogram,water,,,
9d9246d4-0ce3-4b47-8491-cf62e562ad38,biosphere3,Cesium-134,emission,kilo Becquerel,water,,,
4f2051b8-22e6-4592-8803-1e984f8fa61b,biosphere3,Cesium-134,emission,kilo Becquerel,air,,,
f522291f-df84-496b-90c9-433bc6a66a5b,biosphere3,Cesium-136,emission,kilo Becquerel,water,,,
8bbe0b4c-5c9c-4959-a878-572f680e428d,biosphere3,Cesium-137,emission,kilo Becquerel,water,,,
7b87ce50-ede0-40fa-a3ee-5f72553af0e7,biosphere3,Cesium-137,emission,kilo Becquerel,air,,,
60823a33-948a-4d5f-a07a-b9085202935d,biosphere3,Chloramine,emission,kilogram,water,,,
643e2fb1-a875-40a8-aaf5-ea4bde9a4872,biosphere3,Chloramine,emission,kilogram,air,,,
024e919d-91ee-47c7-9f0b-ebe851cc61fb,biosphere3,Chlorate,emission,kilogram,water,,,
6c97741f-8760-4a39-9e90-b534ca137a36,biosphere3,Chloride,emission,kilogram,soil,,,
6d25e386-4ef9-4d40-85c6-e694f523a4da,biosphere3,Chloride,emission,kilogram,water,,,
c4e01cfb-2f50-52d5-8177-1518ad8b7bea,biosphere3,"Chloride, ion",emission,kilogram,water,,,
bd7b7cdb-34ff-422c-b994-6f0fe77a901f,biosphere3,"Chlorides, unspecified",emission,kilogram,water,,,
f6f5933a-5119-41aa-a5ec-7919706c59f2,biosphere3,"Chlorinated solvents, unspecified",emission,kilogram,water,,,
e8641a14-fd07-4090-8daf-2cce2a557a81,biosphere3,Chlorine,emission,kilogram,water,,,
39d1390a-ded6-41cb-a536-d47510bf2fbc,biosphere3,Chlorine,emission,kilogram,air,,,
42ac7dee-8152-4874-a742-c1c432792a3a,biosphere3,Chlorine,emission,kilogram,soil,,,
c8bd2194-b2fc-47c3-bd0b-3341e4b23970,biosphere3,Chloroacetic acid,emission,kilogram,water,,,
9eb7a71d-0e15-4cf3-b8db-4b2ccf87380a,biosphere3,Chloroacetic acid,emission,kilogram,air,,,
dcfaa97f-8eb6-4aa4-822f-2b0dc3e89df9,biosphere3,Chloroacetyl chloride,emission,kilogram,water,,,
3d5051b0-08d6-40ef-8d0c-de90edb39c39,biosphere3,Chloroform,emission,kilogram,water,,,
fbf6ab3a-74e3-4cbe-b61d-959728bdce46,biosphere3,Chloroform,emission,kilogram,air,,,
26202571-16f9-48c3-bf4d-e9c189f43b2c,biosphere3,"Chlorosilane, trimethyl-",emission,kilogram,water,,,
fa442f6a-4fc6-4c57-942b-c84c6c41c8b4,biosphere3,"Chlorosilane, trimethyl-",emission,kilogram,air,,,
19e10755-75cf-4518-98c3-624201ac089f,biosphere3,Chlorosulfonic acid,emission,kilogram,air,,,
46f9fcc3-e595-4252-897e-0e5a997333f0,biosphere3,Chlorosulfonic acid,emission,kilogram,water,,,
e142b577-e934-4085-9a07-3983d4d92afb,biosphere3,Chromium,emission,kilogram,air,Cr,tonnes,air
e0336c9b-a0ff-4ae3-b8bb-ca1e46bbbc11,biosphere3,Chromium,emission,kilogram,soil,Cr,tonnes,soil
81e17d9a-3e0b-414e-9b2e-eca7e5b3bd4a,biosphere3,Chromium VI,emission,kilogram,air,,,
a9ec0c9b-982a-4329-99ae-dab1f9fb62d3,biosphere3,Chromium VI,emission,kilogram,water,,,
68ba2022-830e-45fb-8c85-b35e94754ae9,biosphere3,Chromium VI,emission,kilogram,soil,,,
30f484ee-dec4-47ae-8e92-d00d4b93fe05,biosphere3,"Chromium, ion",emission,kilogram,water,,,
b7802a4d-3a51-4449-9e1f-39fc663cc646,biosphere3,Chromium-51,emission,kilo Becquerel,air,,,
45f68c2b-742e-4d50-ad67-77ca7278db75,biosphere3,Chromium-51,emission,kilo Becquerel,water,,,
c492ac36-a5e1-446c-92c5-110a55654a80,biosphere3,Chrysene,emission,kilogram,air,,,
12051b95-831a-49c0-9a70-fbc0e8fb9af9,biosphere3,Cobalt,emission,kilogram,soil,,,
f0e28a62-ddf9-4c93-af81-676a58c3f2d4,biosphere3,Cobalt,emission,kilogram,air,,,
33627701-feca-434d-a192-674a450eaaf7,biosphere3,Cobalt,emission,kilogram,water,,,
1d013cac-a0ec-4c02-936c-053afe24f47f,biosphere3,Cobalt-57,emission,kilo Becquerel,air,,,
5967eadd-dc30-43a2-b195-edcc48350447,biosphere3,Cobalt-57,emission,kilo Becquerel,water,,,
70d0e8c8-8c46-4eee-ad05-92f05e8f129e,biosphere3,Cobalt-58,emission,kilo Becquerel,air,,,
4a838a42-fa78-4b0a-92f9-588a3660809b,biosphere3,Cobalt-58,emission,kilo Becquerel,water,,,
8d8e393e-39c4-44e1-b424-8eeefcd33560,biosphere3,Cobalt-60,emission,kilo Becquerel,water,,,
ab4a11c8-14f8-40f1-8c4e-888347bb2546,biosphere3,Cobalt-60,emission,kilo Becquerel,air,,,
961ccd56-2eee-4f57-bb18-fc4362b49000,biosphere3,"COD, Chemical Oxygen Demand",emission,kilogram,water,,,
44d3e792-7c9e-48ab-9de9-acfa2e097f26,biosphere3,Copper,emission,kilogram,soil,Cu,tonnes,soil
ec8144d6-d123-43b1-9c17-a295422a0498,biosphere3,Copper,emission,kilogram,air,Cu,tonnes,air
615b1460-6860-4cf6-8678-ad92c03c5e8b,biosphere3,"Copper, ion",emission,kilogram,water,,,
4b4530b5-89d5-4127-b8a5-96fc50972e26,biosphere3,Cu-HDO,emission,kilogram,water,,,
a192f5ac-fb5d-4e14-ac11-3c38283da9d0,biosphere3,Cumene,emission,kilogram,air,,,
7a3b6567-5f36-4142-b390-15fbf940e206,biosphere3,Cumene,emission,kilogram,water,,,
89ee008f-477e-4580-bd8e-8bf50fc9e080,biosphere3,Curium alpha,emission,kilo Becquerel,water,,,
7545531d-dfc2-446d-9d9b-a0a3dfaa25df,biosphere3,Curium alpha,emission,kilo Becquerel,air,,,
9dc200b0-6faa-4518-9787-be7db7a9e29a,biosphere3,Curium-242,emission,kilo Becquerel,air,,,
8c64a7e7-0f81-410f-a0df-cbea124dd203,biosphere3,Curium-244,emission,kilo Becquerel,air,,,
d3e038e1-728c-4dea-ac30-c9abbbfcbc84,biosphere3,Cyanide,emission,kilogram,air,,,
c4d10bd2-09da-4082-8cb3-022c92c53221,biosphere3,Cyanide,emission,kilogram,water,,,
8af6a281-8879-4945-b476-550612e50527,biosphere3,Cyanoacetic acid,emission,kilogram,air,,,
53a12896-8a5b-40b6-81ff-24379f17a050,biosphere3,Cyclohexane,emission,kilogram,water,,,
165aaeac-93d1-4afd-adf2-e3d6c0eaf629,biosphere3,Cyclohexane,emission,kilogram,air,,,
185d4f1e-6d28-551b-8951-672805c4d8e5,biosphere3,Decanoic acid,emission,kilogram,water,,,
23a4dfc7-c82e-4425-abf6-0195f78f3363,biosphere3,"Dibenz(a,h)anthracene",emission,kilogram,air,,,
57655806-a54e-47ca-a8d2-9881813b7afa,biosphere3,Diborane,emission,kilogram,air,,,
5ff293fa-85f0-4d44-b63b-00f651316fad,biosphere3,Diborane,emission,kilogram,water,,,
9547aff9-e1fc-5fad-a674-9b9a9fdb1c9c,biosphere3,Dichlorodimethylsilane,emission,kilogram,air,,,
3b8a6f65-384b-4086-a817-b0c77555b78a,biosphere3,Dichromate,emission,kilogram,water,,,
e898ea74-a3a1-5b26-a61e-384bffaf2bd6,biosphere3,Diethanolamine,emission,kilogram,water,,,
22524a35-32c0-482a-82f7-49724ad1c595,biosphere3,Diethyl ether,emission,kilogram,air,,,
7e241410-2dec-4320-baf0-cebc3b52e2ca,biosphere3,Diethylamine,emission,kilogram,water,,,
34698efa-71c8-4fec-9a43-6529f45887ac,biosphere3,Diethylamine,emission,kilogram,air,,,
ecc90a90-aec5-4ffc-88ba-e29a3e9884ac,biosphere3,Diethylene glycol,emission,kilogram,water,,,
af7f6412-a55f-4799-b7bc-a3f69d0cc8cb,biosphere3,Diethylene glycol,emission,kilogram,air,,,
dbe2e16b-e0f9-4743-914c-50c8b11682c8,biosphere3,Diisobutyl ketone,emission,kilogram,water,,,
d18838bc-54cd-5d6f-a8f3-9b94cfc8472d,biosphere3,Dimethyl carbonate,emission,kilogram,air,,,
acfeda73-2eee-4ca2-ad41-e8c564e75cec,biosphere3,Dimethyl ether,emission,kilogram,air,,,
d49e5257-e655-4e9f-adbc-b8763137b76c,biosphere3,Dimethyl ether,emission,kilogram,water,,,
2649e223-09c0-5ced-9604-6cd6332e7cf9,biosphere3,Dimethyl hexanediol,emission,kilogram,water,,,
95a9f739-736a-57fe-b592-dfb52251ef1e,biosphere3,Dimethyl hexynediol,emission,kilogram,water,,,
f5ce0b83-d178-4f50-b1cb-844091b7f0bc,biosphere3,Dimethyl malonate,emission,kilogram,air,,,
56d00bcd-9da1-4486-bfe6-10dc0f1d4575,biosphere3,Dimethylamine,emission,kilogram,air,,,
43398c2a-4ceb-4c7f-8ffc-37d2b78e22a3,biosphere3,Dimethylamine,emission,kilogram,water,,,
d0cde0b1-afcc-5179-8895-0aacba2e15a1,biosphere3,Dimethyldichlorosilane,emission,kilogram,air,,,
4c8e3c03-0943-5ddd-aa22-c0314291fdf9,biosphere3,Dimethyldichlorosilane,emission,kilogram,water,,,
20185046-64bb-4c09-a8e7-e8a9e144ca98,biosphere3,Dinitrogen monoxide,emission,kilogram,air,N2O,tonnes,air
4cd94f47-0da2-5c4a-bfae-013bacbcf648,biosphere3,Dinitrogen tetroxide,emission,kilogram,air,,,
24752b90-cc53-4198-a442-14196853148d,biosphere3,"Dioxins, measured as 2,3,7,8-tetrachlorodibenzo-p-dioxin",emission,kilogram,soil,,,
082903e4-45d8-4078-94cb-736b15279277,biosphere3,"Dioxins, measured as 2,3,7,8-tetrachlorodibenzo-p-dioxin",emission,kilogram,air,dioxin,tonnes,air
737c3221-1456-4c6b-8605-6ac00dc88b2e,biosphere3,"Dioxins, measured as 2,3,7,8-tetrachlorodibenzo-p-dioxin",emission,kilogram,water,,,
1d8560a8-23e0-57f0-ade2-69103c953de8,biosphere3,Diphenylether-compound,emission,kilogram,water,,,
101c756f-d7af-4c18-826f-2144b6a54f5f,biosphere3,Dipropylamine,emission,kilogram,water,,,
ad273394-b76d-4c19-a140-3112bdec8524,biosphere3,Dipropylamine,emission,kilogram,air,,,
9da5c6d0-92f0-4a7c-933b-7e14d980975a,biosphere3,"Disinfectants, unspecified",emission,kilogram,water,,,
5ce634de-b810-4533-9efb-719c38fe7c09,biosphere3,Dissolved solids,emission,kilogram,water,,,
79607917-9e12-4292-b289-21ff2b36e04b,biosphere3,"DOC, Dissolved Organic Carbon",emission,kilogram,water,,,
eba1a8ae-fb73-52f4-b1b5-fb28dccd826d,biosphere3,Dodecanol,emission,kilogram,water,,,
3ff3231e-3c38-5a47-a6fd-821d11c599e0,biosphere3,Elemental carbon,emission,kilogram,water,,,
bc86067c-20e8-46e7-8419-de1eee73ccdd,biosphere3,Elemental carbon,emission,kilogram,soil,,,
1247aa8b-3a24-552a-bddf-bb578e5d2dc5,biosphere3,Epichlorohydrin,emission,kilogram,water,,,
d547f43d-63e3-4928-ae85-28e6fd7aabc5,biosphere3,Epichlorohydrin,emission,kilogram,air,,,
8e30c990-5ed4-4f94-9d0e-2f5e4ff1a1f9,biosphere3,Ethane,emission,kilogram,air,,,
468111da-3988-4c54-b6a0-b8feb1b5e5da,biosphere3,Ethane thiol,emission,kilogram,air,,,
e87f039d-d9ce-4242-ac18-c9284cc80f3d,biosphere3,"Ethane, 1,1,1,2-tetrafluoro-, HFC-134a",emission,kilogram,air,HFCs,tonnes,air
ce6294f5-2ed7-46ee-a967-33e265e34455,biosphere3,"Ethane, 1,1,1-trichloro-, HCFC-140",emission,kilogram,air,HCFCs,tonnes,air
c8e5538f-17a1-4f62-aa64-39a91adb5cd3,biosphere3,"Ethane, 1,1,1-trichloro-, HCFC-140",emission,kilogram,water,,,
e86bfec2-1025-4fa2-90b1-81e35e621e91,biosphere3,"Ethane, 1,1,1-trifluoro-, HFC-143a",emission,kilogram,air,,,
b32061b1-8d24-4663-b10d-0a1c705f2937,biosphere3,"Ethane, 1,1,2-trichloro-",emission,kilogram,air,,,
cacfd448-6c2d-4061-9363-fd506b979f25,biosphere3,"Ethane, 1,1,2-trichloro-1,2,2-trifluoro-, CFC-113",emission,kilogram,air,CFCs,tonnes,air
843fd145-61ac-4fa7-a608-ce4ac4d88d49,biosphere3,"Ethane, 1,1-dichloro-1-fluoro-, HCFC-141b",emission,kilogram,air,HCFCs,tonnes,air
9cf9bf0e-86fe-42c0-90cc-bfed96fbdc8f,biosphere3,"Ethane, 1,1-difluoro-, HFC-152a",emission,kilogram,air,HFCs,tonnes,air
deb80fa5-4d0a-427e-9526-443f88d17b53,biosphere3,"Ethane, 1,2-dichloro-",emission,kilogram,water,,,
03758df7-503a-400e-bc7b-ec05825761a5,biosphere3,"Ethane, 1,2-dichloro-",emission,kilogram,air,,,
8a3a44e4-e2f1-476d-9e9e-a90fda263fe3,biosphere3,"Ethane, 1,2-dichloro-1,1,2,2-tetrafluoro-, CFC-114",emission,kilogram,air,CFCs,tonnes,air
ba781ac6-cdf1-4a09-86b5-76b19ed3438b,biosphere3,"Ethane, 1-chloro-1,1-difluoro-, HCFC-142b",emission,kilogram,air,HCFCs,tonnes,air
050da0cd-2957-45a9-ae7a-ace372083fe5,biosphere3,"Ethane, 2,2-dichloro-1,1,1-trifluoro-, HCFC-123",emission,kilogram,air,HCFCs,tonnes,air
60268f3d-468b-487e-acb1-24d7250cb6b3,biosphere3,"Ethane, 2-chloro-1,1,1,2-tetrafluoro-, HCFC-124",emission,kilogram,air,HCFCs,tonnes,air
ec8789e5-d140-4ca8-b7ef-b3abfd044414,biosphere3,"Ethane, chloropentafluoro-, CFC-115",emission,kilogram,air,CFCs,tonnes,air
a9362d7a-627f-414b-96c2-e61e56c77fb8,biosphere3,"Ethane, hexachloro-",emission,kilogram,water,,,
acc39720-dda7-4b3a-80c7-c6394cad4191,biosphere3,"Ethane, hexafluoro-, HFC-116",emission,kilogram,air,HFCs,tonnes,air
281e1011-f121-4d5b-ad4d-22d562b2c2cd,biosphere3,"Ethane, pentafluoro-, HFC-125",emission,kilogram,air,HFCs,tonnes,air
fdb29dc7-261d-4f8f-8e7d-c73899480bf8,biosphere3,Ethanol,emission,kilogram,water,,,
d3f5d0b9-0155-4800-9dbb-b0583948c8c6,biosphere3,Ethanol,emission,kilogram,air,,,
9c2a7dc9-8b1f-46ba-bc16-0d761a4f6016,biosphere3,Ethene,emission,kilogram,air,,,
f3a3227c-39f4-4383-8007-8b3b0c33467a,biosphere3,Ethene,emission,kilogram,water,,,
d3f2bf47-65db-4bc7-8334-eb5107e7585a,biosphere3,"Ethene, chloro-",emission,kilogram,water,,,
2a51889e-9264-45df-9753-64c25a755d9e,biosphere3,"Ethene, chloro-",emission,kilogram,air,,,
4b0d68e7-37bc-4184-93b5-91b70c62e585,biosphere3,"Ethene, tetrachloro-",emission,kilogram,water,,,
9bc66656-9f37-44bc-ae0b-5d5243b8137e,biosphere3,"Ethene, tetrachloro-",emission,kilogram,air,,,
3fa03c96-b976-4f0f-8089-220968515ee1,biosphere3,"Ethene, trichloro-",emission,kilogram,air,,,
3801ac00-aef4-4224-8d04-9d6734794719,biosphere3,"Ethene, trichloro-",emission,kilogram,water,,,
43a7aa3a-a34d-467a-943f-4a263ebe8df3,biosphere3,Ethyl acetate,emission,kilogram,water,,,
8077467e-8d30-46cc-ab55-5759286eebd3,biosphere3,Ethyl acetate,emission,kilogram,air,,,
779f93e2-bbb4-4a06-a46a-ce636fe59a62,biosphere3,Ethyl cellulose,emission,kilogram,air,,,
a0f10b49-f9e6-4195-95af-bbc1ba417944,biosphere3,Ethylamine,emission,kilogram,water,,,
b1dc1428-e198-464d-a434-a7e6d880f041,biosphere3,Ethylamine,emission,kilogram,air,,,
90f722bf-cb9b-571a-88fc-34286632bdc4,biosphere3,Ethylene,emission,kilogram,air,,,
0650f48f-c6c9-44ae-ac49-c3bae05220c3,biosphere3,Ethylene diamine,emission,kilogram,water,,,
397c6564-d1c4-41f5-a4ff-4832874f397f,biosphere3,Ethylene diamine,emission,kilogram,air,,,
b608516c-d577-4957-bcaa-851c7377ada8,biosphere3,Ethylene glycol monoethyl ether,emission,kilogram,water,,,
45e23e23-d952-4721-a514-2acfa5bfcab5,biosphere3,Ethylene glycol monoethyl ether,emission,kilogram,air,,,
4407dc37-09ec-4d52-b65a-9c3f0a88306d,biosphere3,Ethylene oxide,emission,kilogram,air,,,
8e037b16-1a38-4220-996e-9f11e89ff194,biosphere3,Ethylene oxide,emission,kilogram,water,,,
42a2f3e7-5393-4a69-9b0b-f70a9139ee24,biosphere3,Ethyne,emission,kilogram,air,,,
19b0229f-7cda-4154-baee-c1b1efef532a,biosphere3,Fluoboric acid,emission,kilogram,water,,,
d57ab983-120a-448b-a681-b876e1addecf,biosphere3,Fluoranthene,emission,kilogram,air,,,
dbe2c062-5692-4282-aa6c-e75f4d718077,biosphere3,Fluorene,emission,kilogram,air,,,
de875382-6ef2-454c-b828-2c3a5080d39c,biosphere3,Fluoride,emission,kilogram,soil,,,
96b0e9d0-5bfc-4113-ac30-c9b8a310b534,biosphere3,Fluoride,emission,kilogram,water,,,
1c389e81-9f9d-4e52-a6e9-11cc6b73d90d,biosphere3,Fluorine,emission,kilogram,air,,,
2061c1e1-6a81-47ad-8a1d-81dd30783f2c,biosphere3,Fluosilicic acid,emission,kilogram,water,,,
ee71f42f-de6b-46ef-a1dc-7e5d2f33a3ed,biosphere3,Fluosilicic acid,emission,kilogram,air,,,
66729b69-c76f-43b2-bd9a-4a03c4983afd,biosphere3,Formaldehyde,emission,kilogram,water,,,
a861cfae-a310-4e9d-b9eb-5d555c9a684c,biosphere3,Formaldehyde,emission,kilogram,air,Formaldehyd,tonnes,air
1d8ba55c-e60b-45ef-8e66-d947d8e7a01f,biosphere3,Formamide,emission,kilogram,air,,,
f127acc1-4904-448c-9b46-e0c4d2da8bda,biosphere3,Formamide,emission,kilogram,water,,,
c1ed95a3-cf8a-4ab4-a687-e98b95301adc,biosphere3,Formate,emission,kilogram,water,,,
97f92a10-ea74-463f-a9d7-3c852b6aab4c,biosphere3,Formic acid,emission,kilogram,water,,,
27804c78-5eee-47f9-9a91-1f6126ccfe45,biosphere3,Formic acid,emission,kilogram,air,,,
6185fd6b-02a7-4db5-a5dd-f4b7445f9ce5,biosphere3,"Fungicides, unspecified",emission,kilogram,water,,,
284d6491-de2c-4124-95db-7732cbb5136c,biosphere3,Furan,emission,kilogram,air,Furans,tonnes,air
c082af51-1644-52fc-b49d-5b6c65eb1865,biosphere3,Glucose,emission,kilogram,water,,,
8a4f6db6-dfe0-4247-8b0b-142ed2b7aab6,biosphere3,Glutaraldehyde,emission,kilogram,water,,,
123b7b5a-cfc3-4dba-a14c-8481d3543f43,biosphere3,Gold,emission,kilogram,water,,,
dfbe093a-f470-4ae7-a207-50444f1f23f1,biosphere3,"Heat, waste",emission,megajoule,soil,,,
9b83f2bb-7d61-4e55-b37a-443f164c5f30,biosphere3,"Heat, waste",emission,megajoule,water,,,
f2d84834-d0b3-42e5-b41a-f04cc80337a4,biosphere3,"Heat, waste",emission,megajoule,air,,,
f2e74872-f56d-4e49-8dfd-1428c6fbd59c,biosphere3,Helium,emission,kilogram,air,,,
1ec6c4b4-ee5f-4788-8683-c95a84d6d63c,biosphere3,Heptane,emission,kilogram,air,,,
4b1af256-23b8-4e53-8148-cf52040f5ad7,biosphere3,"Herbicides, unspecified",emission,kilogram,water,,,
5bd325f2-8c4b-4e1f-bb84-2f58900f4d51,biosphere3,Hexamethyldisilizane,emission,kilogram,air,,,
856f0506-79b3-42c1-8faa-3e9f8699c28d,biosphere3,Hexane,emission,kilogram,water,,,
6b248529-b754-4be7-8b1a-91b9756fc2bc,biosphere3,Hexane,emission,kilogram,air,,,
3c9f4830-91f4-4a22-bd83-c9439b41106c,biosphere3,Hydrazine,emission,kilogram,water,,,
5c9ec415-12f1-4390-bcff-3ff0fcd7ba73,biosphere3,"Hydrocarbons, aliphatic, alkanes, cyclic",emission,kilogram,air,,,
2451f9df-0596-49ec-8380-08e4ad75a153,biosphere3,"Hydrocarbons, aliphatic, alkanes, unspecified",emission,kilogram,air,,,
acd68ded-df6f-4a5f-b95d-bbbf2567c735,biosphere3,"Hydrocarbons, aliphatic, alkanes, unspecified",emission,kilogram,water,,,
ef7bc7b8-f85b-4687-9cb1-eb60384650fa,biosphere3,"Hydrocarbons, aliphatic, unsaturated",emission,kilogram,water,,,
4cff006f-c6df-42a8-9dee-cc064f14326e,biosphere3,"Hydrocarbons, aliphatic, unsaturated",emission,kilogram,air,,,
3cca7f02-58b0-4b49-9938-e0f8bea03064,biosphere3,"Hydrocarbons, aromatic",emission,kilogram,air,,,
04abe114-7939-4935-9281-49e5d89cc1bc,biosphere3,"Hydrocarbons, aromatic",emission,kilogram,water,,,
d14eb0da-95fd-46c3-90db-55ca33d78701,biosphere3,"Hydrocarbons, chlorinated",emission,kilogram,air,,,
e620a933-c348-4e7e-8893-ab0a0f681c7e,biosphere3,"Hydrocarbons, unspecified",emission,kilogram,water,,,
042e5892-cd59-4e95-949e-cacce0e6a590,biosphere3,"Hydrocarbons, unspecified",emission,kilogram,soil,,,
7dd051f1-c653-44d9-90e4-828f144253c3,biosphere3,Hydrochloric acid,emission,kilogram,water,,,
c9a8073a-8a19-5b9b-a120-7d549563b67b,biosphere3,Hydrochloric acid,emission,kilogram,air,,,
b301fa9a-ba60-4eac-8ccc-6ccbdf099b35,biosphere3,Hydrogen,emission,kilogram,air,,,
c941d6d0-a56c-4e6c-95de-ac685635218d,biosphere3,Hydrogen chloride,emission,kilogram,air,,,
24541c8c-9f11-49ae-9de5-456f238a3f5e,biosphere3,Hydrogen fluoride,emission,kilogram,air,,,
c7be600c-e8ef-4e50-b092-1f9a3aa47706,biosphere3,Hydrogen peroxide,emission,kilogram,water,,,
1dcf6b74-c474-420b-81ca-0b8d3d4f28d7,biosphere3,Hydrogen peroxide,emission,kilogram,air,,,
42d33bc4-cdea-4b1d-896c-090e792183be,biosphere3,Hydrogen sulfide,emission,kilogram,water,,,
20d4d821-f4f7-4017-8810-f822fcdf619e,biosphere3,Hydrogen sulfide,emission,kilogram,air,,,
22043b06-1981-45a5-bfbb-20ae6f253191,biosphere3,"Hydrogen-3, Tritium",emission,kilo Becquerel,air,,,
9be02ae0-3170-4544-8665-f03a1b43f2bd,biosphere3,"Hydrogen-3, Tritium",emission,kilo Becquerel,water,,,
d9224532-4d6d-4400-8a78-83fca1649548,biosphere3,Hydroxide,emission,kilogram,water,,,
57f006f6-e406-404f-8afe-2eb891f713ad,biosphere3,Hypochlorite,emission,kilogram,water,,,
76608f33-7127-47f2-9718-383b3efe3b43,biosphere3,"Indeno(1,2,3-cd)pyrene",emission,kilogram,air,"Indeno-[1,2,3-cd]-pyrene",tonnes,air
6296baee-87bd-4e6e-bd20-c1578b7a7247,biosphere3,"Indeno(1,2,3-cd)pyrene",emission,kilogram,water,,,
d7853477-ebdb-4339-aecf-c1837f963bed,biosphere3,"Insecticides, unspecified",emission,kilogram,water,,,
ddc51f31-6807-4e02-9fab-490f3357abbf,biosphere3,Iodide,emission,kilogram,water,,,
22b18b15-712c-4475-a6a3-e245da9252b6,biosphere3,Iodide,emission,kilogram,soil,,,
446d8fe4-fde6-4640-bc23-f04a663bbc04,biosphere3,Iodine,emission,kilogram,air,,,
106689fa-52d8-4f7d-aa5b-920122aaf1aa,biosphere3,Iodine-129,emission,kilo Becquerel,air,,,
777160e1-99a9-4a03-b189-8c1af57ee560,biosphere3,Iodine-129,emission,kilo Becquerel,water,,,
c317b216-2668-40f8-9e24-1ce183d53697,biosphere3,Iodine-131,emission,kilo Becquerel,air,,,
618c3a74-5b36-4d8a-b94f-26b8270448f8,biosphere3,Iodine-131,emission,kilo Becquerel,water,,,
29f7aad7-40e1-44db-af21-b3604c10b3f0,biosphere3,Iodine-133,emission,kilo Becquerel,air,,,
cf4eaf0f-9f17-4a0f-b42d-bb068c73c706,biosphere3,Iodine-133,emission,kilo Becquerel,water,,,
a18a3afb-9456-4b80-bafb-78be060c90dc,biosphere3,Iodine-135,emission,kilo Becquerel,air,,,
8dba66e2-0f2e-4038-84ef-1e40b4f573a6,biosphere3,Iron,emission,kilogram,air,,,
ce567bdc-76ec-4ca0-be79-8bb796e448b3,biosphere3,Iron,emission,kilogram,soil,,,
de444dc0-5964-4501-8367-50ba53bfc6b9,biosphere3,"Iron, ion",emission,kilogram,water,,,
b25f5005-10df-4c06-ae4c-ddad7bc04e7e,biosphere3,Iron-59,emission,kilo Becquerel,water,,,
b5bc86de-20f6-4791-8f67-e9ba7930f76c,biosphere3,Iron-59,emission,kilo Becquerel,air,,,
ca6e057b-6b74-4ec2-83b0-0e82b98d97f2,biosphere3,Isocyanic acid,emission,kilogram,air,,,
0c209634-80bb-4909-8442-3189b7cb01d7,biosphere3,Isoprene,emission,kilogram,air,,,
83142883-f04b-4724-ad8b-9528983c6511,biosphere3,Isopropylamine,emission,kilogram,water,,,
3bdac115-edd6-463f-8ad7-84552b81393c,biosphere3,Isopropylamine,emission,kilogram,air,,,
8653eab9-c010-4d0b-ae9f-71694cb5291f,biosphere3,Krypton-85,emission,kilo Becquerel,air,,,
4f46f2a8-545c-44d8-a40d-3e49571dcd51,biosphere3,Krypton-85,emission,kilo Becquerel,water,,,
421a7f1b-01a5-4160-bb7e-32fa8967d9b9,biosphere3,Krypton-85m,emission,kilo Becquerel,air,,,
e49fc1ed-4bf5-4ec2-88b1-29ff979b37b8,biosphere3,Krypton-87,emission,kilo Becquerel,air,,,
d350156f-e614-4206-9949-02de6f45f5ab,biosphere3,Krypton-88,emission,kilo Becquerel,air,,,
e9633b45-9a6e-4d43-8c5e-4d59377bfe32,biosphere3,Krypton-89,emission,kilo Becquerel,air,,,
35a27f5c-487b-48c6-bfd5-0a2dbacf2045,biosphere3,Lactic acid,emission,kilogram,air,,,
8c12756d-7419-4926-8aaa-d84900407527,biosphere3,Lactic acid,emission,kilogram,water,,,
b6e43995-389d-4353-a5ad-6957ab1ae048,biosphere3,Lanthanum,emission,kilogram,air,,,
b03fcc8f-b010-459d-b021-e832cff01700,biosphere3,Lanthanum-140,emission,kilo Becquerel,air,,,
41e246e0-9011-4749-8eb0-8b4e31ed1ec2,biosphere3,Lanthanum-140,emission,kilo Becquerel,water,,,
b0d2b7b9-c76d-50d4-b776-b9419ae83abe,biosphere3,Lauric acid,emission,kilogram,air,,,
4dc5b593-5953-57de-b908-c3c34a558f40,biosphere3,Lauric acid,emission,kilogram,water,,,
739234c8-5359-48b4-983f-9cb170d68c8d,biosphere3,Lead,emission,kilogram,soil,Pb,tonnes,soil
8e123669-94d3-41d8-9480-a79211fe7c43,biosphere3,Lead,emission,kilogram,air,Pb,tonnes,air
31c4d160-b21e-41b3-b9c1-3d7a72377653,biosphere3,Lead,emission,kilogram,water,,,
00e73fdb-98df-4a03-8290-79931cddfd12,biosphere3,Lead-210,emission,kilo Becquerel,air,,,
2cfc5ba4-3db2-4193-9e81-b61e75ba1706,biosphere3,Lead-210,emission,kilo Becquerel,water,,,
6230c099-a983-4d9d-98a8-a0697962bec3,biosphere3,Lithium,emission,kilogram,soil,,,
800ec8a5-e0f2-4f47-8c43-dd93962cc0da,biosphere3,Lithium carbonate,emission,kilogram,air,,,
eb2bfdf1-1881-40e8-bebb-d674b2a79149,biosphere3,"Lithium, ion",emission,kilogram,water,,,
6cd4ed76-161a-4d90-b275-dc74704ffd1d,biosphere3,Magnesium,emission,kilogram,soil,,,
9783014c-4ec6-4c9c-84d7-d34c8b390a0b,biosphere3,Magnesium,emission,kilogram,water,,,
aeefa758-5f4f-4bb4-a28a-4075e81f2fde,biosphere3,Magnesium,emission,kilogram,air,,,
39ec593c-6c45-571f-8a6b-b76472bb4824,biosphere3,Maleic anhydride,emission,kilogram,water,,,
6b7fbea6-4a86-40f9-954d-3c9b3611abfd,biosphere3,Manganese,emission,kilogram,soil,,,
10cbd2f7-c41b-4bb4-b636-d8fc15cf0282,biosphere3,Manganese,emission,kilogram,water,,,
295060ba-3c3d-45e4-99ca-e17b1204b553,biosphere3,Manganese,emission,kilogram,air,,,
729eac4f-0339-4d0f-8956-a71ebe20a527,biosphere3,Manganese-54,emission,kilo Becquerel,water,,,
28955c40-9925-47d2-9770-dc18a4bba82a,biosphere3,Manganese-54,emission,kilo Becquerel,air,,,
06ee87f5-4946-4ecd-9615-b4723595fbaf,biosphere3,Manganese-55,emission,kilo Becquerel,water,,,
f7eca11f-546f-4712-ad80-724254685596,biosphere3,Mercury,emission,kilogram,soil,Hg,tonnes,soil
9325957a-bee5-4f2d-8bd1-458729c5e49e,biosphere3,Mercury,emission,kilogram,water,,,
71234253-b3a7-4dfe-b166-a484ad15bee7,biosphere3,Mercury,emission,kilogram,air,Hg,tonnes,air
8c283de2-50d3-40c8-8bff-1e172c3398f8,biosphere3,"Methane, bromo-, Halon 1001",emission,kilogram,air,,,
ee31ac2a-9336-4ed6-8077-9663003bc2f9,biosphere3,"Methane, bromochlorodifluoro-, Halon 1211",emission,kilogram,air,,,
4ac2ffc3-312e-4e2d-88c4-2630d4a73d8c,biosphere3,"Methane, bromotrifluoro-, Halon 1301",emission,kilogram,air,,,
18c582fe-7336-4138-8797-2db8b7a754c7,biosphere3,"Methane, chlorodifluoro-, HCFC-22",emission,kilogram,air,HCFCs,tonnes,air
5eafb840-6f50-418d-98bd-27b86f75613c,biosphere3,"Methane, chloro-fluoro-, HCFC-31",emission,kilogram,air,HCFCs,tonnes,air
e06e2e1e-ad87-49e2-a184-f2d1c48b7b46,biosphere3,"Methane, chlorotrifluoro-, CFC-13",emission,kilogram,air,CFCs,tonnes,air
75c80de0-a0fa-45e2-9f7b-f6fa4e4431e1,biosphere3,"Methane, dichloro-, HCC-30",emission,kilogram,water,,,
432a3326-73f8-4752-bc4d-06b7b4b1243c,biosphere3,"Methane, dichloro-, HCC-30",emission,kilogram,air,,,
c0e8ec60-a5ae-432e-97a5-cf76b6247a00,biosphere3,"Methane, dichlorodifluoro-, CFC-12",emission,kilogram,air,CFCs,tonnes,air
2460ff3a-b368-4224-9c0d-0900fd29608f,biosphere3,"Methane, dichlorofluoro-, HCFC-21",emission,kilogram,water,,,
04a6edb8-624a-484e-8f85-d771657adae7,biosphere3,"Methane, dichlorofluoro-, HCFC-21",emission,kilogram,air,HCFCs,tonnes,air
151212b4-079b-43a2-96d5-a6eef59166ac,biosphere3,"Methane, difluoro-, HFC-32",emission,kilogram,air,HFCs,tonnes,air
0795345f-c7ae-410c-ad25-1845784c75f5,biosphere3,"Methane, fossil",emission,kilogram,air,CH4,tonnes,air
7f0ba7c9-341e-413d-80f6-8753727d65d1,biosphere3,"Methane, from soil or biomass stock",emission,kilogram,air,,,
18ea247b-edc2-43fe-89bd-cedd04102bcc,biosphere3,"Methane, monochloro-, R-40",emission,kilogram,air,,,
da1157e2-7593-4dfd-80dd-a3449b37a4d8,biosphere3,"Methane, non-fossil",emission,kilogram,air,,,
86d12e70-0c64-4ecf-ba52-114fa0c5d402,biosphere3,"Methane, tetrachloro-, R-10",emission,kilogram,air,,,
9a366c85-61a0-48bd-8af0-a2a96b327bc1,biosphere3,"Methane, tetrachloro-, R-10",emission,kilogram,water,,,
33681770-a0e1-4ce8-93c3-941fd607fa5f,biosphere3,"Methane, tetrafluoro-, R-14",emission,kilogram,air,,,
51e99a55-bcdb-4d18-9484-6de4b142e09d,biosphere3,"Methane, trichlorofluoro-, CFC-11",emission,kilogram,air,CFCs,tonnes,air
e5ba3517-a93f-422e-9ce2-f1007fcf6c06,biosphere3,"Methane, trifluoro-, HFC-23",emission,kilogram,air,,,
4ddc40ac-2b6a-4f7f-8f8a-db439b443263,biosphere3,Methanesulfonic acid,emission,kilogram,air,,,
0ebdb68a-f50d-4b0c-ad4b-3a1104d8b454,biosphere3,Methanol,emission,kilogram,air,,,
ee2c5c6c-ff01-4151-8332-d4bf1508c759,biosphere3,Methanol,emission,kilogram,water,,,
bd70c699-1ea1-4bb1-b23d-bc771d7d6311,biosphere3,Methyl acetate,emission,kilogram,air,,,
c2f5d202-daf5-4e73-87ec-2c4fc75b832c,biosphere3,Methyl acetate,emission,kilogram,water,,,
85fa4541-289d-4e24-9664-09efa68fe470,biosphere3,Methyl acrylate,emission,kilogram,water,,,
39c49db2-409a-4d5d-93f5-454535398965,biosphere3,Methyl acrylate,emission,kilogram,air,,,
ec420d84-577b-402e-bd90-f8a4b2310135,biosphere3,Methyl amine,emission,kilogram,air,,,
d3ac53b1-17d5-40e7-b51d-422e16316404,biosphere3,Methyl amine,emission,kilogram,water,,,
d5a6fcba-b958-4b06-b193-b712eeb65cf4,biosphere3,Methyl borate,emission,kilogram,water,,,
971246f7-14d9-4ad5-98da-fc147dd8800f,biosphere3,Methyl borate,emission,kilogram,air,,,
d3709c7e-7c61-45a4-92e4-f7cf95ebe3a2,biosphere3,Methyl ethyl ketone,emission,kilogram,air,,,
4877b7b5-0ac1-47f7-96bd-677179544c9f,biosphere3,Methyl formate,emission,kilogram,air,,,
c28194ca-3ebc-4f8b-a456-f133e8d0aaee,biosphere3,Methyl formate,emission,kilogram,water,,,
a3b906e7-7466-4500-8636-f1a4c2950eb8,biosphere3,Methyl lactate,emission,kilogram,air,,,
f7ea1420-3b1b-4bc8-9f9e-fdd15771c0d4,biosphere3,Methyl pentane,emission,kilogram,water,,,
be13179a-7e8b-57f8-9852-137ce88a1525,biosphere3,Methylamine,emission,kilogram,air,,,
fdaaef05-0d10-4032-b2e7-85cae3c7bd5c,biosphere3,Molybdenum,emission,kilogram,water,,,
8b531ec0-ca7a-49cd-bef0-56f110112f34,biosphere3,Molybdenum,emission,kilogram,soil,,,
640e30d2-3158-4a1a-82ef-fd0c72922c9a,biosphere3,Molybdenum,emission,kilogram,air,,,
51961868-5152-47af-8e3c-45f31dae6519,biosphere3,Molybdenum-99,emission,kilo Becquerel,water,,,
60340c7f-e9ce-474f-ac08-a6d4d9f864fc,biosphere3,Monochloroethane,emission,kilogram,water,,,
bce77a75-c399-4fa6-94ab-90d0e704ebde,biosphere3,Monochloroethane,emission,kilogram,air,,,
9f550c00-0f0f-45e7-a29c-a450752d4c7a,biosphere3,Monoethanolamine,emission,kilogram,air,,,
071efe89-12e0-4ff8-80d1-4e6cf1e37233,biosphere3,Monoethanolamine,emission,kilogram,water,,,
cfdbc576-e8dc-44ef-bdf2-ddd7009ce57e,biosphere3,m-Xylene,emission,kilogram,air,,,
feb813f2-ff76-4f52-a966-55297494de4a,biosphere3,m-Xylene,emission,kilogram,water,,,
7346ba9f-476c-4343-9f37-d1bb174eed6d,biosphere3,Naphtalene,emission,kilogram,air,,,
3df4c2f4-c854-4493-b514-f2f3accdc307,biosphere3,Naphthalene,emission,kilogram,air,,,
c37ff1f2-c2de-4d31-a875-8b6265ab97bf,biosphere3,N-Bromoacetamide,emission,kilogram,air,,,
2ec209eb-22f1-47ca-8d32-c11dc4a92d0d,biosphere3,Neptunium-237,emission,kilo Becquerel,water,,,
9fb84b6b-8396-4190-80f0-fc8cbc97b107,biosphere3,Neptunium-237,emission,kilo Becquerel,air,,,
2bcad3b3-5305-481c-a166-ad5e6eac2675,biosphere3,Nickel,emission,kilogram,soil,Ni,tonnes,soil
a5506f4b-113f-4713-95c3-c819dde6e48b,biosphere3,Nickel,emission,kilogram,air,Ni,tonnes,air
6ec6cdaa-5a01-46d4-b716-1905e56690ea,biosphere3,"Nickel, ion",emission,kilogram,water,,,
70896cfa-fd83-4a5d-b663-74f7e4670217,biosphere3,Niobium-95,emission,kilo Becquerel,air,,,
a53100b0-d453-4dad-b885-3728482d5c55,biosphere3,Niobium-95,emission,kilo Becquerel,water,,,
5e7cf95c-9cc3-4479-89af-55377b3db99c,biosphere3,Nitrate,emission,kilogram,air,,,
5189de76-6bbb-44ba-8c42-5714f1b4371f,biosphere3,Nitrate,emission,kilogram,water,N,tonnes,water
774c181d-18a7-4096-aa99-56801ef6b909,biosphere3,Nitrate,emission,kilogram,soil,N,tonnes,soil
17f7e776-7934-54af-8c3c-ed0247cb697b,biosphere3,Nitric oxide,emission,kilogram,air,NOX ,tonnes,air
9f5bfac4-cbb6-4b38-afb9-cf563fc5ca15,biosphere3,Nitrite,emission,kilogram,water,,,
183aa819-941d-48b4-9d47-7e725d1813bb,biosphere3,Nitrobenzene,emission,kilogram,water,,,
3be7ab07-a4fd-4d32-a31f-134d2c5b5143,biosphere3,Nitrobenzene,emission,kilogram,air,,,
e5ea66ee-28e2-4e9b-9a25-4414551d821c,biosphere3,Nitrogen,emission,kilogram,air,,,
b748f6f1-7061-4243-89c7-3f2d01dcec07,biosphere3,Nitrogen,emission,kilogram,soil,,,
dcfe0815-6fa3-4e1d-a55e-155b29904f1d,biosphere3,Nitrogen,emission,kilogram,water,,,
e79e03c3-5b19-45f6-b3f3-bf710c6663d2,biosphere3,Nitrogen fluoride,emission,kilogram,air,,,
c1b91234-6f24-417b-8309-46111d09c457,biosphere3,Nitrogen oxides,emission,kilogram,air,NOX ,tonnes,air
a703733d-fabc-487b-826a-06c11ac4c0c6,biosphere3,"Nitrogen, organic bound",emission,kilogram,water,,,
d3260d0e-8203-4cbb-a45a-6a13131a5108,biosphere3,"NMVOC, non-methane volatile organic compounds, unspecified origin",emission,kilogram,air,NMVOC,tonnes,air
fef20853-5b12-4b7f-8228-0dcbe0baba1c,biosphere3,"Noble gases, radioactive, unspecified",emission,kilo Becquerel,air,,,
3135755c-1082-5c68-9290-55b858fd7ff2,biosphere3,Octaethylene glycol monododecyl ether,emission,kilogram,air,,,
67070d27-426e-43e9-98e8-309952f78140,biosphere3,o-Dichlorobenzene,emission,kilogram,water,,,
c161d9b4-2237-4053-b549-9e0cfc201e0d,biosphere3,"Oils, non-fossil",emission,kilogram,soil,,,
6da0e891-3648-43a5-b0cf-f1872c57db8d,biosphere3,"Oils, unspecified",emission,kilogram,water,,,
21f77eaa-6f3e-426d-8932-fde33cd936d6,biosphere3,"Oils, unspecified",emission,kilogram,soil,,,
f9f12076-1cdf-4a3d-a70d-eab640038144,biosphere3,o-Nitrotoluene,emission,kilogram,air,,,
e61443a5-41b6-4407-a1cd-116bdfb38a67,biosphere3,Organic carbon,emission,kilogram,soil,,,
c2fa3c88-ff02-5b95-8f4a-8fa1e5183873,biosphere3,Oxygen,emission,kilogram,water,,,
1b279330-0469-4d04-9fe2-4e9a38011f0c,biosphere3,o-Xylene,emission,kilogram,water,,,
527d6cb5-bbd7-403d-8dcc-b6678fb123f5,biosphere3,o-Xylene,emission,kilogram,air,,,
2058d91e-bb9f-4fce-8e53-131825b14a23,biosphere3,Ozone,emission,kilogram,air,,,
f21b8022-f20d-4752-8cd6-728f56cf9c43,biosphere3,"PAH, polycyclic aromatic hydrocarbons",emission,kilogram,water,,,
3e5d7d91-67d7-4afb-91dd-36fab58e4685,biosphere3,"PAH, polycyclic aromatic hydrocarbons",emission,kilogram,air,"PAH (total of 4 components, sum of EM_AIR.43, 45, 46, 47)",tonnes,air
6d74bab2-969f-419c-a2dc-4dde50cf2553,biosphere3,"PAH, polycyclic aromatic hydrocarbons",emission,kilogram,soil,,,
7d28533b-a7ad-4acc-914a-f534829b2e78,biosphere3,Palladium,emission,kilogram,water,,,
b0106679-8469-46f6-b989-559222745bd6,biosphere3,Paraffins,emission,kilogram,water,,,
c955fc32-da91-468e-8f65-5aca2c8aa4cc,biosphere3,Paraffins,emission,kilogram,air,,,
21e46cb8-6233-4c99-bac3-c41d2ab99498,biosphere3,"Particulates, < 2.5 um",emission,kilogram,air,PM2.5,tonnes,air
66020d27-7ae4-4e59-83a3-89214b72c40a,biosphere3,"Particulates, > 10 um",emission,kilogram,air,PM10,tonnes,air
b967e1bf-f09b-4c89-8740-ace21db47bba,biosphere3,"Particulates, > 2.5 um, and < 10um",emission,kilogram,air,,,
516606eb-99f6-4e8c-b99a-6b439aaed48c,biosphere3,Pentane,emission,kilogram,air,,,
13fcf4c3-7800-5444-ba84-6d4b7e611ce6,biosphere3,Pentane,emission,kilogram,water,,,
4f722a22-e077-4626-830a-c57d856decc0,biosphere3,"Perchlorate, ion",emission,kilogram,water,,,
e2ccc98a-6d4e-443b-b11f-d16f32782833,biosphere3,Perfluoropentane,emission,kilogram,air,PFCs,tonnes,air
54759564-e002-427d-836f-ad2a84cb7417,biosphere3,Permethrin,emission,kilogram,water,,,
895fa803-ad56-4b1d-a37b-23a9135ce26a,biosphere3,Phenanthrene,emission,kilogram,air,,,
39153cb9-a8fe-4fc8-beef-1bf1edceb8e7,biosphere3,Phenol,emission,kilogram,water,,,
5896c761-4e02-4573-8747-c4bbf73162c0,biosphere3,Phenol,emission,kilogram,air,,,
d45eed0a-e60a-46bb-a769-494f037c71bc,biosphere3,"Phenol, 2,4-dichloro",emission,kilogram,air,,,
a7ce2d61-decb-4076-baf1-774c4039b4e3,biosphere3,"Phenol, pentachloro-",emission,kilogram,soil,,,
cec6e39b-700c-432f-8c80-4840b0ddc92e,biosphere3,"Phenol, pentachloro-",emission,kilogram,air,,,
53b9f77b-7336-5c15-9e01-62a25d3e3d75,biosphere3,Phosgene,emission,kilogram,air,,,
c8791f3c-3c4a-4278-91c0-483797d14da2,biosphere3,Phosphate,emission,kilogram,water,,,
097cecfb-bed2-43a0-81b7-c153d0bb14b9,biosphere3,Phosphine,emission,kilogram,air,,,
cefa3637-739c-5e9f-99a6-2456e6a44772,biosphere3,Phosphoric acid,emission,kilogram,water,,,
2257e9f9-f38c-494b-b99f-f49b4768b4b9,biosphere3,Phosphoric acid,emission,kilogram,air,,,
8b0a4a41-c65c-4d94-b10c-94ddb98abdd2,biosphere3,Phosphorus,emission,kilogram,soil,P,tonnes,soil
2d4b8ec1-8d53-4e62-8a11-ebc45909b02e,biosphere3,Phosphorus,emission,kilogram,water,P,tonnes,water
d761f94e-517d-41cf-89fa-17dc72f7a69b,biosphere3,Phosphorus,emission,kilogram,air,,,
140821a2-66bf-5600-9934-889cbf313c1e,biosphere3,Phosphorus oxychloride,emission,kilogram,water,,,
d93300fd-ea6a-5e77-848c-520e1b144069,biosphere3,Phosphorus pentachloride,emission,kilogram,water,,,
dcedc211-8daa-49ac-82a9-ce60a22d9b43,biosphere3,Phosphorus trichloride,emission,kilogram,air,,,
5cf4e418-9cd0-5139-bfc2-5d8a8ffda5ff,biosphere3,Phosphorus trichloride,emission,kilogram,water,,,
a9c187bb-8ff5-4e96-9a98-c5b744593932,biosphere3,"Phthalate, butyl-benzyl-",emission,kilogram,water,,,
3563befa-20c2-4849-9597-b5ed2b5aaf41,biosphere3,"Phthalate, dibutyl-",emission,kilogram,water,,,
5e3a522a-d959-4aac-9ff0-c1c09f4e645e,biosphere3,"Phthalate, dimethyl-",emission,kilogram,water,,,
d86d9085-975a-4212-9553-8bde88eb3c9f,biosphere3,"Phthalate, dioctyl-",emission,kilogram,water,,,
f29a1f6e-0c76-4074-ba64-dcb724b2de9c,biosphere3,Platinum,emission,kilogram,air,,,
336fca6f-2dc9-4514-96ae-2a2af154c74e,biosphere3,Plutonium-238,emission,kilo Becquerel,air,,,
da5c6969-8f16-4d53-a424-d87ff6ab1470,biosphere3,Plutonium-241,emission,kilo Becquerel,air,,,
b9645eb8-07b6-420d-a0f8-939257a8e036,biosphere3,Plutonium-241,emission,kilo Becquerel,water,,,
a9336e5c-85b9-4f12-b177-92b9bb5bdd35,biosphere3,Plutonium-alpha,emission,kilo Becquerel,water,,,
3ef6e30a-9742-48c8-adcd-48e38148004c,biosphere3,Plutonium-alpha,emission,kilo Becquerel,air,,,
8bb37e69-9292-4af4-ba62-a55f00ac8f16,biosphere3,Polonium-210,emission,kilo Becquerel,water,,,
13738d15-2256-40f6-99da-d802e5f4c747,biosphere3,Polonium-210,emission,kilo Becquerel,air,,,
fed18945-b0e0-47a4-8fa0-6bc99c3c512a,biosphere3,Polychlorinated biphenyls,emission,kilogram,water,,,
c9b97088-efc6-43c1-8d26-f78d6cdbb50b,biosphere3,Polychlorinated biphenyls,emission,kilogram,air,,,
73b26c10-3c57-4732-8a36-6d1d98d6c925,biosphere3,Potassium,emission,kilogram,soil,,,
756b1234-887b-406e-88ed-b50ba4694f09,biosphere3,Potassium,emission,kilogram,air,,,
c6e057e1-c344-455c-a613-e1d222e58048,biosphere3,Potassium chloride,emission,kilogram,air,,,
a817ad04-5b8f-48cd-a2e7-2c798a65f0a7,biosphere3,Potassium hydroxide,emission,kilogram,air,,,
130bbacf-e7c7-4ffd-b109-4d576f1d02c1,biosphere3,"Potassium, ion",emission,kilogram,water,,,
9c26300a-06dd-4a68-a6d2-ce876dc07e14,biosphere3,Potassium-40,emission,kilo Becquerel,water,,,
4bc2ecf7-fbc3-4c74-81f6-30f9f4425d30,biosphere3,Potassium-40,emission,kilo Becquerel,air,,,
1784e16f-e070-4e2e-b567-182f8f6b9cbd,biosphere3,Promethium-147,emission,kilo Becquerel,air,,,
555aed47-6c62-4cbe-b9b8-d01229284c8a,biosphere3,Propanal,emission,kilogram,air,,,
3653d86e-4a4d-49da-b0dd-ff346c54210d,biosphere3,Propanal,emission,kilogram,water,,,
3a6c936c-0276-4f11-9d98-1bd011387a6e,biosphere3,Propane,emission,kilogram,air,,,
ff5d0fa9-6ca8-4e61-b99b-14981620c0d7,biosphere3,Propanol,emission,kilogram,air,,,
4d567c70-f938-4a8f-b2ad-10c0b8f1366c,biosphere3,Propanol,emission,kilogram,water,,,
64165202-4870-47d0-8602-b85e5d672865,biosphere3,Propene,emission,kilogram,air,,,
94eb8352-8af0-4929-b883-864b27fcfc96,biosphere3,Propene,emission,kilogram,water,,,
a1ecc854-a399-4b01-bae2-3a88b12ed44f,biosphere3,Propionic acid,emission,kilogram,air,,,
2f2450fa-6720-4b59-9876-10a9ee843958,biosphere3,Propionic acid,emission,kilogram,water,,,
5fa6e9b8-8314-4d9d-afaf-bc6ee580d76c,biosphere3,Propylamine,emission,kilogram,water,,,
3b25024e-0347-411b-9315-c85f74e3b3ed,biosphere3,Propylamine,emission,kilogram,air,,,
c4503380-1045-4670-a7da-fe5dcce56699,biosphere3,Propylene oxide,emission,kilogram,air,,,
48fececf-9b55-408d-9782-72057c79effe,biosphere3,Propylene oxide,emission,kilogram,water,,,
d68ebacc-8799-48f8-aab6-d366b851690b,biosphere3,Protactinium-234,emission,kilo Becquerel,water,,,
0267272f-ea07-498a-9723-43583f115b46,biosphere3,Protactinium-234,emission,kilo Becquerel,air,,,
8b48b5cf-853c-4970-840d-5d9c5fb3caac,biosphere3,Pyrene,emission,kilogram,air,,,
1ff59fcb-f634-422c-bbbf-63dae44d9485,biosphere3,"Radiation, electromagnetic",emission,megajoule,air,,,
41608b3b-1057-4205-a0bc-0618e5af7e1b,biosphere3,"Radioactive species, alpha emitters",emission,kilo Becquerel,water,,,
33fe9178-c7f7-4ebe-950a-8cbd1e799424,biosphere3,"Radioactive species, from fission and activation",emission,kilo Becquerel,water,,,
e8c62990-85c7-4f16-ab5f-76a5fc28a2a5,biosphere3,"Radioactive species, Nuclides, unspecified",emission,kilo Becquerel,water,,,
630a48ab-c9f7-4bf0-9efd-9f865934c2c8,biosphere3,"Radioactive species, other beta emitters",emission,kilo Becquerel,air,,,
de9eee06-aa4b-4842-a43f-70be12e969da,biosphere3,Radium-224,emission,kilo Becquerel,water,,,
b912f4b4-34ac-4ec1-aba1-01b9c83683e5,biosphere3,Radium-226,emission,kilo Becquerel,air,,,
d65a94b4-0479-42cc-8274-2db66e1e6aeb,biosphere3,Radium-226,emission,kilo Becquerel,water,,,
4ea9bb4f-e4ab-45d7-beb5-dc07fc1c685a,biosphere3,Radium-228,emission,kilo Becquerel,water,,,
d5ca33b3-f101-4371-b684-c720463ae2ab,biosphere3,Radium-228,emission,kilo Becquerel,air,,,
b613b3b0-a98d-4b7a-a908-999ccfe1452d,biosphere3,Radon-220,emission,kilo Becquerel,air,,,
cb3265f8-49a0-4b09-9bd9-c374370c4cc4,biosphere3,Radon-222,emission,kilo Becquerel,air,,,
2c350340-c73c-4f08-855d-35924b1284eb,biosphere3,"residual wood, dry",social,cubic meter,social,,,
c8b3b6da-32c8-44df-914d-50e2adfbe1e3,biosphere3,Rubidium,emission,kilogram,water,,,
d61e8791-f091-457a-8cb9-8d000d35e132,biosphere3,Ruthenium-103,emission,kilo Becquerel,air,,,
958272cf-f09a-4941-9f99-199739645b93,biosphere3,Ruthenium-103,emission,kilo Becquerel,water,,,
639a5c44-7241-4254-ad70-65cd45a9db25,biosphere3,Ruthenium-106,emission,kilo Becquerel,water,,,
46a7d92e-523c-430c-a5ec-ee9e8a34c09c,biosphere3,Ruthenium-106,emission,kilo Becquerel,air,,,
bd534cc3-5ca2-4e0e-b24e-0f5924627d83,biosphere3,Scandium,emission,kilogram,water,,,
8000fc7d-edfe-4970-9224-a4c05281d46b,biosphere3,Scandium,emission,kilogram,air,,,
8bd01869-7f83-4fcd-a167-af5735fa7ffd,biosphere3,Scandium,emission,kilogram,soil,,,
6284e146-54b2-4067-a478-9b8ee24c6400,biosphere3,Selenium,emission,kilogram,water,,,
45acd8c0-657f-46d3-8026-4b3c9fadaeb6,biosphere3,Selenium,emission,kilogram,soil,,,
454c61fd-c52b-4a04-9731-f141bb7b5264,biosphere3,Selenium,emission,kilogram,air,Se,tonnes,air
b8823bae-a149-44d7-825b-30708a97cb5f,biosphere3,Silicon,emission,kilogram,water,,,
e98b9661-2844-49dc-9ae4-855b9912c700,biosphere3,Silicon,emission,kilogram,air,,,
6575edf4-826c-4e99-a21a-08a1afec1396,biosphere3,Silicon,emission,kilogram,soil,,,
10555050-586c-46b7-848e-9d90324d104b,biosphere3,Silicon tetrafluoride,emission,kilogram,air,,,
ebb88ef4-50ab-4e3b-9251-c5fcdf6b4768,biosphere3,Silver,emission,kilogram,air,,,
7da45a0b-0dcf-413c-8de0-44d8ebca9e6e,biosphere3,Silver,emission,kilogram,soil,,,
6aa8673f-f7e3-4270-93dc-e97b745fced7,biosphere3,"Silver, ion",emission,kilogram,water,,,
e51e73a4-bc86-40a4-bdf7-83192b3618a3,biosphere3,Silver-110,emission,kilo Becquerel,air,,,
3d73dd18-aec5-41a6-bc11-91a8aa9beb1d,biosphere3,Silver-110,emission,kilo Becquerel,water,,,
235b2f02-ff98-4da9-82e2-e4246c7b7990,biosphere3,Sodium,emission,kilogram,air,,,
723f56f9-c68e-5692-a969-0fb2a70bce20,biosphere3,Sodium,emission,kilogram,water,,,
4573f0c9-0fdd-413f-ae74-e27290f40743,biosphere3,Sodium,emission,kilogram,soil,,,
d380bac0-e4c5-430a-b75f-ace6b50a3e30,biosphere3,Sodium chlorate,emission,kilogram,air,,,
375f256f-393f-4c89-8db9-56260f7c8046,biosphere3,Sodium chlorate,emission,kilogram,water,,,
a57bf693-7ffa-409d-919c-c806e34a4c67,biosphere3,Sodium dichromate,emission,kilogram,air,,,
19696f8c-c5e9-4444-a0e8-3e8782748237,biosphere3,Sodium formate,emission,kilogram,air,,,
f8ac9a93-5172-4349-bc59-01af13f7dbb6,biosphere3,Sodium formate,emission,kilogram,water,,,
7dd10f03-00ef-483e-88c7-ba23e5330316,biosphere3,Sodium hydroxide,emission,kilogram,air,,,
f237cc62-40b2-4a40-a5fa-d46681d39cf2,biosphere3,Sodium hypochlorite,emission,kilogram,air,,,
5298c766-a7f8-4bff-8409-369818561b7c,biosphere3,Sodium perchlorate,emission,kilogram,air,,,
d471d4f2-5a9b-4ecb-93e8-6b2c364ae143,biosphere3,Sodium tetrahydridoborate,emission,kilogram,air,,,
5ac961f0-8e53-42ff-b13f-1a7fb9133868,biosphere3,"Sodium, ion",emission,kilogram,water,,,
5842fca1-f1ce-41c7-9191-ff0860343f7e,biosphere3,Sodium-24,emission,kilo Becquerel,water,,,
0b111253-26b5-4a03-97fb-ed7799c21797,biosphere3,"Solids, inorganic",emission,kilogram,water,,,
b26b758d-85cc-41b8-872c-3683caa638d1,biosphere3,Strontium,emission,kilogram,water,,,
0d9f52b2-f2d5-46a3-90a3-e22ef252cc37,biosphere3,Strontium,emission,kilogram,air,,,
4c0a6227-af22-45cb-b75b-b276ce0e4d47,biosphere3,Strontium,emission,kilogram,soil,,,
416ebc48-7199-43a0-bc57-f7f6c951fff0,biosphere3,Strontium-89,emission,kilo Becquerel,air,,,
0a75cbfb-253f-4378-874b-8fb1c9cfef60,biosphere3,Strontium-89,emission,kilo Becquerel,water,,,
1f8e9158-d59b-4991-872f-5a3f622979a7,biosphere3,Strontium-90,emission,kilo Becquerel,air,,,
3cb1b212-68e7-4945-8a78-dfed2fa37fd2,biosphere3,Strontium-90,emission,kilo Becquerel,water,,,
e4f58170-4339-44d0-bec7-bdf6445b45ee,biosphere3,Styrene,emission,kilogram,water,,,
9cec94a2-e7fe-43f4-82f4-293c477f86dc,biosphere3,Styrene,emission,kilogram,air,,,
e2f205c4-2146-4578-8cd4-e6f309521ef4,biosphere3,Sulfate,emission,kilogram,soil,,,
28bca51a-6cc7-46af-961a-fd2b675a1376,biosphere3,Sulfate,emission,kilogram,water,,,
9b00c244-fcce-4d38-922b-601a81f2ba34,biosphere3,Sulfate,emission,kilogram,air,,,
f3e5bff4-5bdf-55d7-8dd9-3cac7b09e57f,biosphere3,"Sulfate, ion",emission,kilogram,water,,,
8af1b210-ae85-4b60-9644-d5d180075037,biosphere3,Sulfide,emission,kilogram,water,,,
24145938-f9e3-40ea-ab06-409187ca5d26,biosphere3,Sulfite,emission,kilogram,water,,,
32451556-ee07-4e36-bd8a-09f8847f9c83,biosphere3,Sulfur,emission,kilogram,soil,,,
5ac2254e-6b60-45f5-a700-6e0b93f411c8,biosphere3,Sulfur,emission,kilogram,water,,,
fd7aa71c-508c-480d-81a6-8052aad92646,biosphere3,Sulfur dioxide,emission,kilogram,air,,,
35d1dff5-b535-4628-9826-4a8fce08a1f2,biosphere3,Sulfur hexafluoride,emission,kilogram,air,SF6,tonnes,air
ba5fc0b6-770b-4da1-9b3f-e3b5087f07cd,biosphere3,Sulfur oxides,emission,kilogram,air,SOx,tonnes,air
3268d8df-59cc-4740-a89f-dee8355ad7c3,biosphere3,Sulfur trioxide,emission,kilogram,air,,,
99c65c6a-6871-40ba-af79-5bd6851688e4,biosphere3,Sulfuric acid,emission,kilogram,air,,,
693921ef-e02d-4072-add0-55aa4631b213,biosphere3,"Suspended solids, unspecified",emission,kilogram,water,,,
3d59d864-b6c3-4315-ab21-2c2ba2119ad1,biosphere3,t-Butyl methyl ether,emission,kilogram,water,,,
beb69352-568e-4a33-b9d4-3b5bfafc85bd,biosphere3,t-Butyl methyl ether,emission,kilogram,air,,,
7bbe624a-3626-46d4-abf4-86bda793bdd7,biosphere3,t-Butylamine,emission,kilogram,air,,,
365dffb2-9e7a-44fa-a512-8c851fc7094c,biosphere3,t-Butylamine,emission,kilogram,water,,,
90bc11c3-61c6-47b4-8310-b4d2e50d03ba,biosphere3,Technetium-99,emission,kilo Becquerel,water,,,
2e972b23-f14e-477d-9360-7a88a35f0501,biosphere3,Technetium-99,emission,kilo Becquerel,air,,,
b5eb4783-f470-4bf5-800f-7e12ada63c1d,biosphere3,Technetium-99m,emission,kilo Becquerel,water,,,
43efdef0-6157-4436-8a23-2f50ac3c6fc2,biosphere3,Tellurium-123m,emission,kilo Becquerel,air,,,
e3de5903-aa75-4d7b-a804-2c75248b4c6d,biosphere3,Tellurium-123m,emission,kilo Becquerel,water,,,
fe3bd0b5-0401-48da-bcfd-23d5e462b940,biosphere3,Tellurium-132,emission,kilo Becquerel,water,,,
96bec6ea-fd71-48a1-ae8b-87a7b818eb77,biosphere3,Terpenes,emission,kilogram,air,,,
5186b1e9-506c-4846-994d-789c5204b38a,biosphere3,Tetramethyl ammonium hydroxide,emission,kilogram,air,,,
6fa8a7df-bd00-4b65-82bd-23b6a4cffe6a,biosphere3,Thallium,emission,kilogram,soil,,,
18aa2daa-0188-4328-b24b-1ad1398ecf81,biosphere3,Thallium,emission,kilogram,air,,,
32fccda4-0d99-40ab-b65f-c7203080b62b,biosphere3,Thallium,emission,kilogram,water,,,
cfa25cc2-6bfe-4b96-819f-cd15fd3859d1,biosphere3,"Thiocyanate, ion",emission,kilogram,water,,,
c93b5919-6b01-46c9-8510-cc94d1712168,biosphere3,Thorium,emission,kilogram,air,,,
4ed0d428-ca56-4356-accf-4e18d4ea1d77,biosphere3,Thorium-228,emission,kilo Becquerel,water,,,
ecc877ac-3c34-4838-b1f8-6ae0ff2cd2fc,biosphere3,Thorium-228,emission,kilo Becquerel,air,,,
22d1736f-baa9-481e-9583-42654a6a7c26,biosphere3,Thorium-230,emission,kilo Becquerel,air,,,
5ccb5873-69d5-41fb-b527-282fb91c04a7,biosphere3,Thorium-230,emission,kilo Becquerel,water,,,
de22459f-2b91-43a1-8c53-c89ddbe2c64c,biosphere3,Thorium-232,emission,kilo Becquerel,water,,,
08ebf986-d40a-4538-8aa7-21da2f99edf7,biosphere3,Thorium-232,emission,kilo Becquerel,air,,,
921762d7-dcd5-4419-8936-07358034702d,biosphere3,Thorium-234,emission,kilo Becquerel,water,,,
898c1c27-5cc0-4713-89f6-1ab864aadc44,biosphere3,Thorium-234,emission,kilo Becquerel,air,,,
85a764f2-a810-4b20-bc86-a45604262fda,biosphere3,Tin,emission,kilogram,soil,,,
2a7b68ff-f12a-44c6-8b31-71ec91d29889,biosphere3,Tin,emission,kilogram,air,,,
d5c40848-fc29-47fa-90a4-46db64a45a4e,biosphere3,"Tin, ion",emission,kilogram,water,,,
6bc9e39e-bfc5-4929-88d9-863684901143,biosphere3,Titanium,emission,kilogram,soil,,,
b15d845f-810e-4614-8633-af8bab2014ee,biosphere3,Titanium,emission,kilogram,air,,,
a4c31e2a-915e-4ab2-accd-d3ae93d2e01e,biosphere3,"Titanium, ion",emission,kilogram,water,,,
cec4a04d-562a-4a38-a98f-5fb3d07eea6b,biosphere3,"TOC, Total Organic Carbon",emission,kilogram,water,,,
3b1ecf8e-1d2c-4330-81da-a79f9068976d,biosphere3,Toluene,emission,kilogram,air,,,
826c7733-9b0a-4ec5-9f35-32294f9138e3,biosphere3,Toluene,emission,kilogram,water,,,
b1cbafef-4c5a-4b5f-9dfa-e49047f5f043,biosphere3,"Toluene, 2-chloro",emission,kilogram,water,,,
53578c58-7cd6-4623-9dd5-2c275bdc9f38,biosphere3,"Toluene, 2-chloro",emission,kilogram,air,,,
4d8131df-07d8-475b-ae7c-8fe4b80fb8e0,biosphere3,Tributyltin compounds,emission,kilogram,water,,,
a0950325-06dc-5ca0-84b6-983c9e6ccf74,biosphere3,Trichloroethylene,emission,kilogram,air,,,
21806f1e-a21a-43f7-82b1-00dd5c42fe3f,biosphere3,Trichlorosilane,emission,kilogram,water,,,
0e6489b3-cfcf-4563-9064-67637fc455de,biosphere3,Trichlorosilane,emission,kilogram,air,,,
58eea1e4-bf8e-409c-9d92-4b3d90d85ae0,biosphere3,Triethylene glycol,emission,kilogram,water,,,
9ee52c9a-194b-476f-a0ff-0aba3759e2a0,biosphere3,Trimethylamine,emission,kilogram,water,,,
8e0afcd9-9955-41d4-8ad0-397a38f82dca,biosphere3,Trimethylamine,emission,kilogram,air,,,
094310bb-49db-5b2d-ae1b-e7b4ffca1d03,biosphere3,Trisodium phosphate,emission,kilogram,air,,,
36232f4b-681c-4872-8e68-ed58383b4ea3,biosphere3,Tungsten,emission,kilogram,soil,,,
da5e6be3-ed71-48ac-9397-25bac666c7b7,biosphere3,Tungsten,emission,kilogram,air,,,
1b7a743b-f3ab-4a26-9f83-7012ee6cc2f3,biosphere3,Tungsten,emission,kilogram,water,,,
595f08d9-6304-497e-bb7d-48b6d2d8bff3,biosphere3,Uranium,emission,kilogram,air,,,
1cb0b78b-6fd5-4193-8144-d47478920ced,biosphere3,Uranium alpha,emission,kilo Becquerel,water,,,
e8e0b8c1-ad10-4d32-8167-10dc8c67f59c,biosphere3,Uranium alpha,emission,kilo Becquerel,air,,,
bf112355-f868-42b8-8f39-6f2901cc38b9,biosphere3,Uranium-234,emission,kilo Becquerel,air,,,
1869fd74-ed68-4814-9596-12315b1e810d,biosphere3,Uranium-234,emission,kilo Becquerel,water,,,
698d08b4-fee6-40d4-93dd-24a28d48df45,biosphere3,Uranium-235,emission,kilo Becquerel,air,,,
4d466648-95dd-4866-97ad-6008746d32ab,biosphere3,Uranium-235,emission,kilo Becquerel,water,,,
c36056d2-5101-4198-b13b-fdc0a8cf27ee,biosphere3,Uranium-238,emission,kilo Becquerel,air,,,
71d27d29-04f2-421a-981f-5c5c2b00486f,biosphere3,Uranium-238,emission,kilo Becquerel,water,,,
87b5dd85-5e90-4720-8214-60f74775f59a,biosphere3,Urea,emission,kilogram,water,,,
591b0a62-8064-4697-86ed-47bfa1f8b5e6,biosphere3,Vanadium,emission,kilogram,air,,,
4122276a-89a6-4e31-ad7d-19568cecf9ce,biosphere3,Vanadium,emission,kilogram,soil,,,
20839113-fbf2-4d2f-bab8-66861f86bc60,biosphere3,"Vanadium, ion",emission,kilogram,water,,,
6ccd9417-aa87-480b-8306-b95c1765e884,biosphere3,"venting of argon, crude, liquid",social,kilogram,social,,,
a8102643-320a-4044-9e2c-547e29b35898,biosphere3,"venting of nitrogen, liquid",social,kilogram,social,,,
9ba627f4-3a6c-4dd6-8598-4e1639fbd85a,biosphere3,"VOC, volatile organic compounds, unspecified origin",emission,kilogram,water,,,
4ec70203-13b0-58cc-b4dd-2fcce8a96732,biosphere3,"VOC, volatile organic compounds, unspecified origin",emission,kilogram,air,,,
075e433b-4be4-448e-9510-9a5029c1ce94,biosphere3,Water,emission,cubic meter,air,,,
2404b41a-2eed-4e9d-8ab6-783946fdf5d6,biosphere3,Water,emission,cubic meter,water,,,
e6183e67-e45e-4d8d-a9ec-85ba8d7d1600,biosphere3,Xenon-131m,emission,kilo Becquerel,air,,,
fe85df5c-5587-4a5f-a33b-c6e2b240e238,biosphere3,Xenon-133,emission,kilo Becquerel,air,,,
e61544d9-cf2f-4001-a855-9a014c2972ac,biosphere3,Xenon-133m,emission,kilo Becquerel,air,,,
f5e7f3b4-6423-4914-bb36-d6f52b8e5dbb,biosphere3,Xenon-135,emission,kilo Becquerel,air,,,
94eb7305-be1e-416f-b9de-9865d5395bff,biosphere3,Xenon-135m,emission,kilo Becquerel,air,,,
47859760-4329-4dde-9c61-2e7a2401d3c5,biosphere3,Xenon-137,emission,kilo Becquerel,air,,,
2cbfe861-7436-4a43-8892-f057320dc57d,biosphere3,Xenon-138,emission,kilo Becquerel,air,,,
045f7de9-60d5-4916-a504-5a1002a6e97e,biosphere3,Xylene,emission,kilogram,water,,,
5c234628-ab1e-4284-ae2b-f1c2f6883f71,biosphere3,Xylene,emission,kilogram,air,,,
973a9d4f-d754-4c6f-9da3-351c0981eeb3,biosphere3,Yttrium-90,emission,kilo Becquerel,water,,,
77887584-ddca-4920-952c-3609730e0c13,biosphere3,Zinc,emission,kilogram,soil,Zn,tonnes,soil
5ce378a0-b48d-471c-977d-79681521efde,biosphere3,Zinc,emission,kilogram,air,Zn,tonnes,air
2c7be02c-791f-4fef-b231-b90321bbeb30,biosphere3,"Zinc, ion",emission,kilogram,water,,,
58c8f0ec-455b-4bc1-b6fb-5d6976619b55,biosphere3,Zinc-65,emission,kilo Becquerel,water,,,
4aed2261-0461-4014-be23-cf83de76a3b4,biosphere3,Zinc-65,emission,kilo Becquerel,air,,,
c13fc7a0-f240-468b-aaf6-e781743a46d5,biosphere3,Zirconium,emission,kilogram,air,,,
88a02d30-d9fe-4dc1-b1e5-e95745df0956,biosphere3,Zirconium-95,emission,kilo Becquerel,air,,,
b71d0281-e4b2-4831-a2bd-aed221d2a15f,biosphere3,Zirconium-95,emission,kilo Becquerel,water,,,
